{
  "id": "4435563",
  "name": "demo",
  "font_family": "iconfont",
  "css_prefix_text": "icon-",
  "description": "",
  "glyphs": [
    {
      "icon_id": "1172649",
      "name": "箭头",
      "font_class": "jiantou",
      "unicode": "e61f",
      "unicode_decimal": 58911
    },
    {
      "icon_id": "10056278",
      "name": "日间",
      "font_class": "rijian",
      "unicode": "e70f",
      "unicode_decimal": 59151
    },
    {
      "icon_id": "17605455",
      "name": "夜间",
      "font_class": "yejian",
      "unicode": "e813",
      "unicode_decimal": 59411
    },
    {
      "icon_id": "10352345",
      "name": "退出登陆",
      "font_class": "tuichudenglu",
      "unicode": "e61c",
      "unicode_decimal": 58908
    },
    {
      "icon_id": "145485",
      "name": "充值",
      "font_class": "chongzhi",
      "unicode": "e65c",
      "unicode_decimal": 58972
    },
    {
      "icon_id": "3743442",
      "name": "2日记",
      "font_class": "riji",
      "unicode": "e766",
      "unicode_decimal": 59238
    },
    {
      "icon_id": "13646867",
      "name": "主页",
      "font_class": "zhuye",
      "unicode": "e606",
      "unicode_decimal": 58886
    },
    {
      "icon_id": "37029099",
      "name": "蔡徐坤-copy",
      "font_class": "caixukun",
      "unicode": "e600",
      "unicode_decimal": 58880
    },
    {
      "icon_id": "7821064",
      "name": "搜索",
      "font_class": "sousuo",
      "unicode": "e64a",
      "unicode_decimal": 58954
    }
  ]
}
